"mby","mnt"
"0xFa3E890502bED23c8c5368Fc87c784F4Cb2b4868",1675015341
"0xeAE1e7BDaAADC6D4E0892B0dEFBA3f0111354248",1675015353
"0xE667c213A180D820fcd36D09Ff1543192cD610E7",1675015356
"0x20BC83ED9B48b1AeedFd9789f268EbD4E1f22445",1675015363
"0xdD3288e01874070e5246e47cA6845bfe8a19b18A",1675015369
"0x78B3Ec25D285F7a9EcA8Da8eb6b20Be4d5D70E84",1675015375
"0xDf06eE2fcA69EA92A94c36C353C6833B6c73BbC6",1675015394
"0x6D3271Cddfdef8162c09fbbcf54b48d9Ca506Fde",1675015397
"0xa9F000F31353c04c8F871F108fC00e84d7A8139C",1675015401
"0xB37b3096615F58730b228b989E37D8FBc732Fc46",1675015404
"0xD1A0B66835D830e9ada42eEf436f3AA8005b20B5",1675015407
"0xCA520ceC4EBaC8C336De3C40c80FE87748E2b9e9",1675015407
"0x98E073b579FD483EaC8f10d5bd0B32C8C3BBD7e0",1675015421
"0x80B3b951c688F17aF8429156B3015032f20cB13B",1675015427
"0x880E265A5F7BaBd24281D6e7a2FCf41dDfB5B4B4",1675015430
"0x1609bC551B38EEfe1738BCE85ECD46797082709a",1675015461
"0x424bE8DF5Db7B04b1063Bd4Ee0F99Db445C59624",1675015467
"0xE17D4eDcD7f256B0F8d8A4A07F1D5a2f8eA70e72",1675015467
"0xd31eEBD592e645d76D666a5521518F47e18f574b",1675015470
"0xac949E22009F9892FD32a6FB627D2DA644Ce7F3A",1675015473
"0x2EDf040EC956Fd7ce3DCc78eAC99eE6f75743619",1675015479
"0x76De3ded7a43081FEB715c0ab590739e0fa540c6",1675015503
"0xcf7d504212180D754e0BcA03e21611bE2b23B6ab",1675015527
"0x6eC0e87896c7885E1AB832453b6f7B9Ea2533568",1675015530
"0xf045063CC4F034f8d998ef776Efa8dD0F172bF4b",1675015533
"0x147b1eDD795789f9A62b2E426082B16584A9C754",1675015539
"0x513AeDacE44cc9a0724CA276a8CeeeE950903576",1675015542
"0x67C925212611e823a7752c388b9Fb7C9E15f76B3",1675015545
"0x3dFf0fE8716D9593357336bE0C1CAFf5B3743E58",1675015554
"0x8d62511B3ECEBAa2e46d9022D466f276b7D4f3B6",1675015569
"0x8cd10aF5b9F2E122058Df482b1C298762722f106",1675015569
"0xF0Bf56Ad8AB2a1f3BB5c1149f050445109Cf7C7F",1675015575
"0x4Bf77699E9dA874F8d13EBf2E71F884C1910B25C",1675015590
"0x2cF698719aB61206334Ab380Ce7326b033409660",1675015638
"0x0edCAc49ff5c2684F19e5B009F6A6CF713f34a09",1675015689
"0x2FFFf4B662440F8076EFfD6385A44EdBaB1A7f93",1675015743
"0x7002c4c3A0c5Dd007CD323CE1b43d128d04BD63e",1675015752
"0xd5B54e64991b6Bd2E805023e881b2526422b9239",1675015817
"0x5F61Ad276f5Cd219375436BB521378B1f4386f2a",1675015820
"0x38a5Ca89Cfd5a359b10ce519264E97376fA8BCc9",1675015820
"0x6c92e5c65e314e209dAe6a23233180d0dB273B27",1675015898
"0x49720c4b98113a6aeB8cbb15E5d756725175bB81",1675015946
"0x1749F4aA848Aeab728f1D183E24dF13cf22864d0",1675015964
"0x02990c8683c9Bb0a9dC9DD19EbC1d1B9b38108A1",1675016036
"0xf87D2532a9277ce78e46d6037aeeDf9bb2eb9554",1675016063
"0x1BCbF9D847a745bed5928fb67961524EF51b72d7",1675016081
"0x28E44eE147B8ab87889deA0cb473Fa90c1e05408",1675016177
"0xecA35c5332cc4Ea6FEB295152928C80ea7d56B97",1675016180
"0xABfE55ACA7652b3EE3D4412d1e7b3Bf96fba9044",1675016267
"0x0d81e1fE8AF3Fb98275dA094c55E536966FB9976",1675016276
"0xACd7CF6463C3e670df6AACa45806235D8eBCD06a",1675016321
"0xc835FFe018130E6F60696950c178e8B55E9aDc1b",1675016372
"0x78B993944E6f6b5afD0BA6A177A613e13B686Af1",1675016432
"0x4F8BbE6170FBeCa54B13A5438Eac4Bb24df81878",1675016435
"0x23a333eD03584AF1c49E71733815ca87DE2fFf00",1675016591
"0x2978f7c58397726D44dA59f1b0ECdFE2b7602899",1675016597
"0xff34a767b03a11086766DbE76d7ED14AC6Aa0E1c",1675016618
"0x84a3DAC1EE65f42114514F20712EaE2183F03cb9",1675016636
"0x2545FE18951D7597640b0B23753EA796a8134e10",1675016693
"0x253C042f709e568E7bF599046a026eC7a6d5dd47",1675016732
"0xa842a116c1e88423F35F525a32095c80558bE81e",1675016738
"0x0563708926f3378972b288f1b4bAE0fAFa5CDE61",1675016741
"0xB39Ef9E78Ae92023E697561D76959dbFd3BB641e",1675016831
"0xD8868daeF60fEB03842bCE70D13e3705966306E7",1675016999
"0x88fb8fE2FBb2Ab9543FfbEbAC7ceF6A1Fb5c3d31",1675017083
"0x485fD1163ea34645F9bDf370a9D22c35C333ec31",1675017158
"0x809bD3D8842a46da726eB2d7DA8c2F3cCFb12A10",1675017170
"0x5AFe9740C7636c1e1E38352D002246f594C366A7",1675017260
"0x8095bb177dF47D15F9a1a3651F412fef1aEe6fac",1675017290
"0xC8E9Ba58eC507C6e3d05a06C74436a9693152308",1675017326
"0x39f94B74E47b7c664B4A93F4d5f0F765Fa41e8ab",1675017386
"0x37AedEb6790A441c57c10011c13aF021995c03ea",1675017455
"0x63b38CfD568b5BA7f3e124b5a70603262D834e5f",1675017506
"0xd380F21f1Ee33dD7232FBbAd31938cDc37FEEf1E",1675017593
"0x904ea19E60901ec910DA1e42F11c6f7720c24936",1675017617
"0xC50A9c4D28E7E5A2dd9eDFC9e0Fbf066096c9473",1675017626
"0x7c3D0402278366a3e1ed3f2b997005b7cA0e1EBE",1675017647
"0x139e4febF23e1AeDC35267bf807827019EFe7908",1675017857
"0xf4ACCDFA928bF863D097eCF4C4bB57ad77aa0cb2",1675018091
"0xe5968D9c800f642E053c0E53baf6a6C640FB6d3C",1675018109
"0x9c2eBe623677AE4db7c3Fb6111158Ccf8195247C",1675018175
"0xdA24653f07662bdf44dD18d701Fe2897274D73A7",1675018332
"0xD68e29DF4Df627Ec04D75C192dE0154F654f6320",1675018352
"0x8C2B027F2Ab536f9B5CfEdBEB538EdD6e64A3F84",1675018419
"0x1d5C7762b24D6926276dBFC272883a9Fc0eCa8F7",1675018536
"0xc75Fe9bab090A059AF7f52B085288dFaB2B5a6C7",1675018565
"0x4D6F07BB1E823C7d5d61446F0A69dA730B471b7a",1675018578
"0x35153C3D95856370D755c0d436Be8ca74fC8C881",1675018599
"0x3eC4483CDB2bCcC637EF2C94e8F6EEEB8247823b",1675018643
"0x85E08E84107ecb8f2a940D23ea24EebCd91C1cC2",1675018758
"0x3e5D3f97a0a4B5C099a8452591e404e8f2cD834C",1675019068
"0x436585add009896f64AE01b1136bCa4F64B7203E",1675019281
"0x03b6C1646611A873DF1f8951f95A4D7B9A1daCe6",1675020064
"0x9F436Be34e0d20520d2B65c71a40a7c827FB53b8",1675020088
"0x0cBf46C430Ee719A95B8a6BEdD47a11270f54984",1675020214
"0x58ACe4FE551061Ab8b7E10b2fB4b3D92AbAa0699",1675020418
"0x61526bE5A19a37C371011dC0026dD9869fAE7908",1675020433
"0xb494596247E9068be1b042dB2f6E74E7fc85BE32",1675021511
"0xB4D534018Aa7F00D3583c9Feb44A652797C8d0bb",1675021705
"0x924f20AadE633A6CD06807988C1ac687f26fE5E8",1675023341
"0x221Cc362292054b022Ef9227F8A03Cb33441Ad58",1675023341
"0x000f4432a40560bBFf1b581a8b7AdEd8dab80026",1675024172
"0x4957F3607Dd8868793B06edc299f8A1900fDc092",1675024184
"0x423cf8C9c414583401Ab043390307F526bdEdb76",1675024316
"0x72c619dC0F1591D21A77aB95F7ac2f768726b758",1675025268
"0xb375423a36CfdC600d6FC4de9c1c9A6E94C5fC2C",1675025764
"0x1587c94817bfaA7172F6c82e03bB2Ac3a5aD6102",1675025815
"0x69449f50f833185dd09B5cd0Afa6872D4f92d1E1",1675026661
"0x6E56E7ff87b9D28BFA3EB58Aff1C4ECC0955b25e",1675026736
"0x75180dD6bA05E231128b69df0eA2274a9cD6C1C5",1675027066
"0x334dC1D8F223Ba692449f1a4EA07d1d36c335125",1675027669
"0xd1A6b14B42b50F5E141112050A6D6FA3b0c00048",1675030665
"0xB016BaAdC2adE9a53CB22d01232fFC12F55f88CE",1675030788
"0xAc1e7D530B8ECd81537B01F3337A5c05ea01130C",1675032798
"0x9793D88fD35101EE9eCddb4719011653912294c9",1675032810
"0x6AB880AFd1E0C7786cc5D05F4FD9b17761768da8",1675034010
"0x64Ff68fd2770daeC07e7Ea0D2351C4Cc34ca1704",1675034148
"0x6aaDe9A26ffA38040973965169D094ea4E17e608",1675034205
"0x5b4672CFFee5E64A2A7D17C157ABDB4EDFfbe3DF",1675034316
"0xEF440880dd9aF16995C81414E1cd600477EA53e6",1675035905
"0x5d06c943F193B7896Fd96FB94De0801506a95eb5",1675036553
"0x2de5399D2A74b87bf2f735Ae6C3fA9bb3619d43B",1675037176
"0x2e1C4F0461229fdc2123da6fe79a881Db2C67eF0",1675038280
"0x679B4172E1698579d562D1d8b4774968305b80b2",1675039015
"0x8Fe316B09c8F570Fd00F1172665d1327a2c74c7E",1675039033
"0x9231839f4112672494d561540C66F6fFD850B1ab",1675039686
"0x2C621C09EF04e781091C9BDc64B030463694E612",1675039963
"0x28A341684fDA2F78E19beb0Ef3732A5B6B41927a",1675042993
"0x1f3236F64Cb6878F164e3A281c2a9393e19A6D00",1675043161
"0x13b7152abcC93474c9057C377d53841684a4F0CB",1675043350
"0x1EB45eCa1fDE6a558c81a4fa1c4eB41FD4b1c20D",1675043923
"0x85dAe618f69Cf79dfc36Adb20145f575a01db94a",1675049851
"0x77Acd09E9D478173669Cb4e68b294DB2cBBBb368",1675049899
"0x0DDa93F6d9E196b0eb37d29D6Eacb91c3b28069c",1675051847
"0x1C9488Ce73aB0c4c49e3c88C3F55A718519E5211",1675052621
"0x49324FD13114ecceDde5173998c85652343105e4",1675053665
"0xd649946076d587Af74CAd517734935018a54cc2a",1675055927
"0xA3bE3DE2d5a7773C2D450fC01D3144cDd9f1B4b2",1675056818
"0xEf3b5251b800FA0e03F921842AD2A1E9AfD6988b",1675057244
"0xd27bfA0BB69bd04cB869660b2EF97ACf0Ee3A707",1675058606
"0xBEAa16aBD3A04b05f7E171eEa89114efbda62F6e",1675058828
"0x5B345D28D8739C23Cb028e54a2c4cF3fAedbd6A7",1675059155
"0x4444682B8892bb1D42Dea9329C3B620667f603E8",1675061806
"0x6BC86b180859895E9D83A4BE6b6889a27DDfb80F",1675063912
"0xA2E31a244967118283351d77d9a665626ac07164",1675064350
"0xF8EcBD34F09e36A988A053109fA87c6d902a6FB7",1675064467
"0x9Dd00947AB953b73Cbc9EC4e1Bd0cFA899e5d407",1675064890
"0x316F27E2eBbC6625fCdD727D81A3bA3Ea19cf61d",1675065852
"0xB24Ad8E616dcFA3B54091744d7D68e748A3a12D9",1675066022
"0x0009C1Ba7A4aFfE5EB8B49DA4A244Cc85B20DcF8",1675068017
"0x4D4DdB3E2aF77F962c0aDe19AEA84C3Ce012a974",1675068983
"0x9eba9bA10da227b49BF0571e493f52136669C870",1675071270
"0xd61605615c03642244A8855d240f4D01D9BE6c9a",1675074851
"0x688A46b1A19193011F0F5dC4675878073F640c89",1675078304
"0x07dfcBECd10E7A7C9ED6c1031B06C2adB7564548",1675079868
"0x71a274251AbC8EcbfF5eBD01E73c8A376D332a67",1675093954
"0x7A5D9475b4e136dbBc68d5cf25b249F4a05755F5",1675101512
"0x842774F74E319b3812e6C20D2775f9A733e9cC38",1675107338
"0xC64492128d0bc23Efd64522b3977B3ce1E7C7027",1675107410
"0xc9c80DC60F89a3e4439F57Ed2ac3412996B6D814",1675133566
"0x4758903B4461D2E9843B9A7737721DB21A3f90e2",1675163613
"0xBbBa98a8Ce7773B9cD42768f4698768Ce3182C77",1675172769
"0x29CC3d702817AE0E095895aCf3177aF485b80b89",1675199734
"0xD8cDEB7B6a9Ef578EA7dD171DFDEE6d7C08f673D",1675216563
"0xD0563D52c7e4a9F3B02cF2cf7da16AA250886B11",1675228343
"0x6798AF0C45A90105BB263483ABaD0C1C075Feed9",1675236645
"0xDd84D5952EEfF0f0474cECab7654B067D05D1953",1675275618
"0x73Fc49103A5314A8863Eb7b9F873423287e939Da",1675296441
"0x1412DC910A1428431346511b7E53B3E11Ac075b4",1675358649
"0x0a3B65ffc42237179c5AFAE1392882aa67A56Cdc",1675360404
"0x43686F0f0a213b526241d16E4964340e0EffB9ff",1675792868
"0x9f7ADf484792e738EBF33355629F37D14aE699EF",1675803556
"0xef773E1CFe2EBcccD454f9F5E11D0EC9aFC95804",1675807617
"0xBc2cA74e88e0d65aEEe35E233Eea327E08b9653f",1675809921
"0xf530C6A4C3e76e5B04a6d08381995cE2CffB9C3B",1675823530
"0x3597FE5f85ef4c23c94B8A53Dd94C8106B90bfDd",1675823686
"0xfD4AD867e7DF5Bda8F59CB68ba9aEa465A21274c",1675956821
"0x6c062ddA2dCe3Aafd75ab5D7093099AF0894007d",1675964617
"0xA36C926eB23544b1Dbaaca4934EA469c7d27a301",1676006209
"0x2cBc5c59a54D4C7571456Ee68bab2914Cb48263E",1676110730
"0x7C9686B3c00F5F1AAD605Dc4b2e01fF711227670",1676245581
"0xd9156a8731a3943dbc808679CCbCe6559F5a7647",1676268659
"0x5923659ddE20a78eE18Ae4ce539654cB6d32cd97",1676307719
"0x3C7f38E55F00cd7d083048E615FEa2ee3c1F3D77",1676369502
"0x6308f2cfb76123CdB34E147A023ACDfCA776afEc",1676413937
"0x78ddC06F135aA718783AC0c75d6C2a836E9b4DeC",1676513494
"0xD636efd59906535F01257E5164E670E67a5e461C",1676711835
"0x5A902f0700C7f190C55ED5e80D059a2bEC8627a7",1676774354
"0x2F3ef50ee6dEb5520353855f4c83a2acf223fA0C",1676900505
"0x63a39b5F35f52471f90242848B4525c103EECF42",1676900888
"0x68361413a9a21e4848BA8Ac248AB0A14E7456385",1677461289
"0x2453591fe387cb0A49E42A17a6d3f4abF6578812",1677705505
"0x31610AF037fCC197b3eBB3a6dce4bfdc2Ed93A01",1678026913
"0xBfB167622439aC20498902b515E66EBe45E5D756",1678811868
"0x4355Ea5F88d29EDb19c8D5861b11CAB5C0F7CDB5",1679115282
"0x43E5C6859081Fd1224eaDB2CFcae294B86723CF5",1679115651
"0x753944bd8bF6493289ede11530D98E41e1F8354e",1679236018
"0x4b7292679D439CCd83B972A5fF848b47391AFfCA",1679294385
"0x466928b1e8c757fA1e94Db11209DdCf28F86E37a",1679309034
"0x91fd6Ceb1D67385cAeD16FE0bA06A1ABC5E1312e",1679315135
"0x11F50E7dBf78A82e312686aed86c1236d2c5940D",1679331121
"0x355c08523E565b639fDC12dBCa1FdCE13f3cc880",1679382259
"0xB0CA1fdC7Bb9efF03E9A32943DdafF3b18072EE5",1679453135
"0x7e53AF93688908D67fc3ddcE3f4B033dBc257C20",1679561714
"0xA7ff0bC6F74fc6C49ccbA87F3df51b1adf98543D",1679561750
"0x246616c7B836d75B107A0bc9167d1b939c0921E3",1679677014
"0x7EB83b4Ac82729F26835Bd615f7eAe011924C88c",1679790673
"0x27639DaAcAdCF384b264eB3cf51C330fa754F141",1679833699
